item_category,item_condition,item_available_timer,distance,n_views,n_likes,item_available
other,like_new,89,7034,356,14,0
clothes,good,68,30304,941,37,1
clothes,good,64,1373,1627,32,0
other,acceptable,33,7584,695,6,0
kitchen_utensils,acceptable,52,22752,116,19,1
furniture,poor,80,631,658,13,0
clothes,poor,22,15966,520,93,1
other,acceptable,9,6462,1739,260,1
furniture,like_new,95,13865,293,23,1
furniture,acceptable,8,3852,1055,21,1
kids,acceptable,9,20098,1363,177,1
furniture,acceptable,58,1633,1914,267,0
clothes,poor,47,10941,523,52,1
kitchen_utensils,acceptable,34,19861,367,25,0
kitchen_utensils,poor,40,23889,1046,62,0
kids,acceptable,95,23130,658,26,1
kitchen_utensils,good,51,17131,449,17,1
clothes,good,69,27852,1305,91,0
clothes,acceptable,97,20078,1126,101,1
other,good,65,15388,73,12,0
clothes,poor,44,21254,639,12,0
furniture,good,43,17791,1286,90,0
furniture,good,78,19416,830,74,0
other,poor,20,11883,170,22,0
kids,acceptable,68,19712,1554,15,1
furniture,good,10,20909,736,73,1
furniture,acceptable,12,22832,433,17,0
kids,good,91,25600,991,178,1
furniture,like_new,43,10544,245,19,0
other,poor,52,12690,366,21,1
other,acceptable,2,4316,728,36,1
furniture,like_new,22,11747,1541,15,0
kids,like_new,0,2565,1370,178,0
kids,good,18,7683,1624,162,0
kitchen_utensils,good,21,23033,688,34,1
kitchen_utensils,good,31,31953,588,35,0
kitchen_utensils,acceptable,12,14875,792,118,0
kitchen_utensils,acceptable,23,28313,1840,184,0
clothes,acceptable,9,19047,1242,49,1
furniture,like_new,3,30571,387,3,0
kitchen_utensils,good,25,15380,413,74,0
kids,acceptable,4,17615,1237,61,1
clothes,poor,72,10313,1995,379,1
other,poor,39,938,1510,105,0
kitchen_utensils,acceptable,82,29206,700,7,0
furniture,acceptable,20,4132,1382,262,1
furniture,acceptable,82,7505,1211,230,1
furniture,poor,2,8716,56,0,1
furniture,acceptable,7,22550,178,5,1
other,poor,79,7855,782,117,0
clothes,poor,53,19644,1302,208,1
furniture,like_new,55,13163,424,67,1
kitchen_utensils,like_new,94,6358,98,1,1
kitchen_utensils,like_new,84,919,1686,320,1
kitchen_utensils,good,45,23683,1766,229,1
furniture,acceptable,94,20823,1615,209,1
furniture,poor,68,1394,1150,23,0
furniture,acceptable,65,732,1070,10,1
other,good,37,16826,415,70,1
other,like_new,55,20104,1837,55,1
other,poor,78,23410,602,54,0
furniture,like_new,22,4792,823,148,0
other,acceptable,92,30880,1025,92,0
other,good,86,25383,79,11,0
kitchen_utensils,good,59,10279,58,11,0
clothes,good,45,13100,1741,121,0
furniture,good,4,25577,1346,40,1
kids,good,0,30545,1542,154,0
other,poor,65,11770,296,0,0
kitchen_utensils,like_new,13,15602,844,67,1
kids,poor,34,26750,515,77,0
other,acceptable,56,18860,43,7,0
furniture,good,4,11622,1669,183,1
kitchen_utensils,like_new,32,31676,1114,77,0
clothes,good,3,14035,1271,190,1
other,good,93,20547,1103,66,1
other,good,54,10700,506,45,0
clothes,poor,46,30320,770,23,1
furniture,acceptable,28,15270,648,12,0
kids,like_new,7,14626,795,103,0
kitchen_utensils,poor,69,16542,1168,70,0
furniture,poor,43,14847,1850,277,0
other,poor,29,13397,1958,0,0
kitchen_utensils,good,62,13320,1472,29,0
other,good,30,7576,1354,257,0
kitchen_utensils,poor,24,5772,759,0,0
furniture,good,27,13498,197,37,1
kitchen_utensils,like_new,35,9147,1363,218,1
furniture,acceptable,23,5786,1930,250,0
kitchen_utensils,like_new,61,10775,1909,209,0
kids,acceptable,87,11457,1396,83,1
kids,acceptable,3,12580,1887,320,1
other,acceptable,33,5164,838,100,1
kids,poor,82,23721,1350,229,1
furniture,good,48,5850,949,132,1
clothes,poor,73,11754,409,32,0
clothes,poor,5,10643,1543,123,1
kids,poor,37,15857,555,33,0
kitchen_utensils,good,47,11886,1581,47,1
furniture,poor,54,21616,1286,38,1
clothes,poor,62,9218,1940,349,0
other,poor,91,19194,1378,82,0
furniture,good,52,16035,1514,211,1
kitchen_utensils,poor,63,18680,89,11,0
kids,like_new,73,2906,1620,275,1
kids,good,71,30072,1058,201,1
clothes,poor,52,17166,607,24,0
kitchen_utensils,poor,96,13750,404,52,0
clothes,poor,99,6174,1311,104,1
furniture,poor,10,19652,1655,165,1
clothes,poor,88,272,977,175,0
kids,poor,0,16759,181,0,1
kitchen_utensils,good,95,20784,1717,0,0
other,good,53,28396,1980,0,0
kitchen_utensils,like_new,31,8513,987,108,0
furniture,poor,91,31443,1869,18,0
other,good,57,3460,341,0,1
kids,good,54,16945,465,74,1
kitchen_utensils,good,72,21898,942,113,1
kitchen_utensils,acceptable,21,2203,1357,40,0
kitchen_utensils,acceptable,93,17718,116,0,0
other,good,31,8564,1777,337,0
kids,good,78,13760,940,150,1
furniture,poor,36,31895,605,12,1
furniture,poor,7,14157,63,0,1
kids,poor,7,11181,893,35,0
clothes,good,66,31594,1575,94,1
clothes,acceptable,38,20938,856,59,1
kids,poor,37,22746,1802,90,0
furniture,good,67,9197,1741,139,0
other,poor,99,6171,1233,98,1
clothes,like_new,35,6365,1059,105,0
kitchen_utensils,good,19,30891,839,67,0
kids,acceptable,69,3878,85,8,0
other,poor,12,22996,1751,297,1
kitchen_utensils,like_new,18,27008,214,29,0
clothes,acceptable,44,5584,1991,19,1
kitchen_utensils,like_new,5,19364,327,58,0
kitchen_utensils,good,79,13062,837,108,0
furniture,like_new,62,21923,1098,0,0
furniture,poor,28,4574,1835,201,1
furniture,poor,61,31092,1908,228,1
kitchen_utensils,acceptable,87,376,1216,133,0
kids,poor,22,30907,1486,29,0
kitchen_utensils,good,20,14870,287,28,0
clothes,good,83,11353,1286,77,1
kids,acceptable,94,28667,1232,0,1
kids,acceptable,77,9792,1764,282,0
kids,good,52,19836,1403,238,1
kitchen_utensils,poor,97,20217,151,9,1
kitchen_utensils,poor,35,1976,493,73,0
kids,poor,33,18110,1935,96,0
kids,good,12,14525,439,0,1
kids,acceptable,16,29030,1199,0,0
clothes,good,33,10440,78,7,0
kids,like_new,2,17206,756,15,0
kids,like_new,79,3370,1873,93,0
other,good,88,20081,1198,23,0
kitchen_utensils,poor,29,2570,784,141,1
kids,acceptable,32,20797,1031,72,1
clothes,like_new,9,23883,1717,17,1
furniture,like_new,7,25240,150,27,1
clothes,good,33,3705,699,48,1
other,like_new,1,14543,512,76,1
kitchen_utensils,good,78,7098,719,14,1
other,like_new,13,14915,1573,125,1
kitchen_utensils,good,91,1160,814,73,1
kitchen_utensils,good,67,19598,1367,232,0
furniture,good,11,2502,150,1,1
furniture,acceptable,58,20596,1549,15,1
kitchen_utensils,good,29,28365,1662,166,0
other,acceptable,72,14598,1834,91,0
clothes,good,59,27633,950,114,0
furniture,like_new,59,11245,35,2,1
kitchen_utensils,like_new,6,31176,1106,44,1
kids,good,73,22264,17,3,1
clothes,poor,29,17314,1046,104,1
clothes,acceptable,20,9764,633,25,0
clothes,poor,66,17839,667,60,1
kids,poor,19,4487,412,45,0
other,poor,17,10692,1112,0,0
kids,poor,57,21043,1686,202,1
kitchen_utensils,acceptable,92,3572,251,45,1
furniture,good,92,27157,944,151,0
kitchen_utensils,acceptable,64,20925,1443,216,1
kitchen_utensils,like_new,86,26542,1659,82,0
furniture,poor,13,5876,435,69,1
kitchen_utensils,acceptable,15,31967,804,136,1
kitchen_utensils,poor,6,11759,1024,174,0
kitchen_utensils,like_new,1,7606,368,3,1
kitchen_utensils,like_new,26,29303,429,68,1
kids,acceptable,57,20833,728,21,0
kids,acceptable,4,20823,1325,92,1
clothes,good,50,17071,1788,71,1
kitchen_utensils,acceptable,36,27759,949,9,0
clothes,poor,13,3007,1111,22,0
kitchen_utensils,acceptable,9,12569,61,7,0
furniture,good,98,24120,742,111,1
kids,poor,20,2985,1935,212,0
clothes,good,39,16840,195,27,1
other,poor,25,8038,1462,190,0
other,good,53,5100,1776,88,0
furniture,good,54,29894,1127,22,1
other,like_new,85,4985,807,72,0
other,good,11,16094,576,11,1
furniture,poor,93,16087,283,48,0
clothes,acceptable,60,11149,230,9,1
clothes,good,73,11885,1461,189,0
clothes,good,38,11270,61,9,1
kitchen_utensils,good,99,17124,1018,61,0
kids,poor,96,25979,916,155,1
furniture,acceptable,12,12980,102,2,1
kitchen_utensils,like_new,69,23102,528,10,0
clothes,like_new,85,25186,1573,141,0
kitchen_utensils,acceptable,19,17257,873,8,0
clothes,acceptable,18,20776,475,61,1
other,acceptable,1,8588,1006,140,0
other,like_new,40,15331,1265,177,0
kitchen_utensils,good,36,4735,123,11,0
clothes,acceptable,25,20019,1867,261,1
furniture,good,22,29785,1355,135,0
clothes,good,26,15991,205,10,1
kitchen_utensils,good,89,15542,1466,190,0
kitchen_utensils,good,28,23516,823,41,0
clothes,like_new,14,11743,663,6,1
furniture,acceptable,50,13437,1958,137,1
furniture,poor,55,8437,564,16,1
other,good,94,16195,1219,182,1
kids,acceptable,0,1078,1935,251,1
other,good,79,22623,824,90,1
furniture,acceptable,67,27666,1906,209,1
furniture,good,1,27389,1441,230,1
other,good,61,24944,669,113,0
furniture,acceptable,76,29749,421,16,0
other,like_new,4,2406,1252,50,0
other,like_new,35,18182,337,3,0
furniture,like_new,89,10921,436,43,0
other,poor,79,31514,1050,178,0
other,good,35,28298,1177,11,1
other,acceptable,63,4827,56,1,1
clothes,good,19,9663,553,60,0
furniture,acceptable,72,21821,1745,279,0
other,good,46,18002,380,0,0
furniture,acceptable,26,13423,1933,289,1
kids,like_new,96,16815,829,49,0
kitchen_utensils,acceptable,54,11342,55,9,0
kitchen_utensils,like_new,28,23493,31,0,1
kids,good,56,19735,1464,161,1
other,acceptable,34,31145,738,36,0
furniture,acceptable,17,140,1278,12,0
other,acceptable,85,28216,1066,0,0
other,poor,87,739,397,31,1
kitchen_utensils,good,69,21845,1176,47,1
kitchen_utensils,poor,28,1997,1880,225,0
clothes,good,58,21303,1268,0,0
furniture,poor,33,29664,855,94,1
other,good,60,4252,1256,138,0
furniture,poor,76,23826,415,33,0
furniture,good,84,28528,1292,155,0
other,good,63,13897,1967,39,0
kids,like_new,70,19186,1871,0,0
other,acceptable,47,7315,1735,277,0
furniture,poor,87,22031,1160,174,0
furniture,acceptable,38,10897,1892,75,1
clothes,acceptable,93,4116,863,120,0
kitchen_utensils,good,48,29793,1683,134,1
kids,good,87,1644,1164,11,1
furniture,acceptable,12,14837,1206,180,1
kitchen_utensils,poor,39,25303,1089,32,1
other,poor,1,5835,355,49,1
kids,like_new,26,6864,1270,25,1
furniture,poor,94,24099,1685,117,0
other,poor,9,7832,644,77,1
other,good,65,1764,1552,31,1
furniture,good,77,11241,701,63,1
other,like_new,2,15424,1656,231,1
furniture,like_new,17,21654,293,35,0
kitchen_utensils,good,55,4922,247,39,0
furniture,poor,82,10735,1893,75,0
other,acceptable,18,13896,1880,244,0
clothes,good,38,6027,7,0,1
kids,poor,19,31075,743,44,0
other,acceptable,98,14615,1303,156,0
furniture,acceptable,31,21497,518,0,1
kitchen_utensils,good,6,21306,1526,228,1
clothes,good,29,20163,1176,47,0
clothes,poor,38,31904,928,83,0
kitchen_utensils,good,0,13930,691,69,0
kids,good,21,25616,498,39,1
other,acceptable,96,13722,30,1,1
clothes,like_new,50,24075,1180,177,0
kids,like_new,36,991,1680,201,1
kitchen_utensils,good,54,29445,326,9,0
other,acceptable,80,3038,981,127,1
furniture,good,29,350,1270,63,0
clothes,good,42,28496,441,30,0
other,like_new,51,25612,1074,193,1
kids,like_new,68,30494,1849,0,1
furniture,good,80,8481,1104,110,1
kids,good,90,11863,962,9,1
other,good,81,30557,1373,151,0
kids,like_new,85,18906,428,4,0
kitchen_utensils,good,22,3034,236,9,0
clothes,like_new,91,1722,1030,164,0
kitchen_utensils,poor,95,250,1952,117,0
other,good,76,4845,1193,190,0
furniture,good,99,21347,1634,261,1
clothes,acceptable,49,5703,1616,16,0
other,acceptable,7,30684,866,86,0
furniture,acceptable,72,9783,446,35,0
clothes,good,83,495,1823,72,0
furniture,acceptable,54,1061,1736,86,1
kids,like_new,3,4646,628,113,1
other,poor,6,211,32,4,0
furniture,like_new,54,1253,1732,173,0
other,acceptable,26,22279,1752,0,0
kids,like_new,36,16594,300,39,1
kids,acceptable,52,7147,1781,338,1
other,good,94,31826,1506,180,1
other,poor,34,9962,1872,18,1
clothes,acceptable,99,1690,1750,262,1
clothes,poor,31,31303,245,34,1
other,like_new,60,3458,1744,261,0
clothes,like_new,34,23298,1588,15,1
furniture,poor,73,18085,1415,169,1
kids,good,40,18167,586,64,1
kitchen_utensils,good,20,5530,1773,124,1
furniture,acceptable,62,27766,450,13,0
furniture,acceptable,96,783,262,26,0
other,acceptable,99,9013,242,0,0
kitchen_utensils,poor,66,20674,1813,199,1
other,like_new,53,10424,1473,0,1
clothes,poor,44,21870,898,125,1
clothes,like_new,21,31097,578,92,1
kids,good,24,160,759,53,0
other,good,64,30244,1574,251,1
kitchen_utensils,acceptable,0,27990,822,156,1
clothes,poor,63,7753,1192,71,0
furniture,good,37,8386,1436,57,0
kids,acceptable,95,29946,1382,27,0
furniture,good,67,18930,1684,185,0
furniture,like_new,19,19298,1819,309,1
furniture,good,24,28158,516,56,1
other,like_new,94,4111,1738,312,0
clothes,acceptable,32,9739,900,9,1
kitchen_utensils,good,97,13123,269,26,1
clothes,acceptable,40,29107,1658,82,0
furniture,poor,7,18091,568,5,0
clothes,poor,11,9304,1895,189,0
other,acceptable,90,15428,646,12,1
clothes,poor,71,4624,1688,101,0
other,like_new,59,3203,1117,178,0
kitchen_utensils,acceptable,17,14670,299,2,1
other,like_new,63,17921,1578,268,0
other,like_new,47,28539,337,43,0
other,good,2,18190,711,71,1
clothes,good,42,12407,704,35,1
kitchen_utensils,poor,48,4096,1210,169,1
kitchen_utensils,like_new,7,26140,70,3,0
kitchen_utensils,like_new,14,2880,1926,231,1
kids,acceptable,75,16936,814,16,0
furniture,like_new,79,21787,1688,253,1
clothes,like_new,40,3570,664,86,1
furniture,like_new,76,2189,1225,85,0
other,good,89,25481,1416,56,0
furniture,good,77,12977,1257,25,1
other,acceptable,6,23480,107,10,1
other,good,62,15288,1373,54,1
furniture,good,37,22658,607,109,1
kids,poor,1,27324,572,91,1
kids,good,43,1761,1531,199,0
kitchen_utensils,good,43,15239,669,33,0
furniture,like_new,17,20504,1973,157,1
clothes,good,47,21656,873,61,0
kids,good,73,6190,666,66,1
kids,like_new,86,20977,1721,240,0
other,like_new,49,8629,434,4,0
kitchen_utensils,like_new,90,14564,372,48,1
clothes,poor,70,29656,1694,135,1
other,acceptable,65,5059,325,6,1
furniture,acceptable,20,12045,1746,261,0
kids,acceptable,32,9442,838,92,0
clothes,acceptable,19,136,1246,99,0
furniture,good,27,16340,1265,139,1
kitchen_utensils,acceptable,97,22534,1760,246,0
clothes,acceptable,34,7358,775,100,1
kitchen_utensils,good,56,15839,1944,77,1
furniture,like_new,59,20126,1765,123,0
other,like_new,63,26021,298,2,0
kids,poor,71,10638,892,26,0
kids,like_new,56,30051,671,6,0
kitchen_utensils,acceptable,17,25489,815,73,0
kitchen_utensils,poor,82,29743,1240,235,0
other,acceptable,89,9536,759,53,0
clothes,poor,75,12423,242,16,0
clothes,poor,90,24594,1617,48,1
kids,acceptable,14,5680,936,18,1
kitchen_utensils,acceptable,28,4092,1733,69,1
kitchen_utensils,good,49,30580,562,78,1
other,acceptable,25,8893,277,16,1
clothes,acceptable,1,23931,1506,75,1
furniture,like_new,51,15536,1997,159,1
furniture,like_new,24,5360,1033,51,0
furniture,like_new,34,21117,997,59,1
other,poor,82,12392,1498,44,0
kids,like_new,56,6110,910,145,0
clothes,like_new,33,7774,314,43,0
furniture,poor,3,17164,1227,85,1
furniture,like_new,78,5986,833,8,1
clothes,good,45,27592,881,149,1
other,like_new,46,16186,403,8,0
kitchen_utensils,poor,24,8040,574,51,0
kitchen_utensils,acceptable,39,22251,915,54,1
kids,like_new,98,22997,375,11,0
clothes,good,45,1726,1588,301,1
furniture,like_new,77,11055,1594,143,0
clothes,like_new,32,10205,1414,113,0
kitchen_utensils,acceptable,49,15324,1720,120,1
clothes,poor,15,22716,1049,146,1
kitchen_utensils,good,46,26604,986,78,1
kids,good,14,10803,1858,315,1
other,like_new,79,16950,567,34,0
clothes,like_new,77,27073,1150,207,1
clothes,poor,29,14932,1220,85,0
kitchen_utensils,good,47,27760,1374,123,0
kitchen_utensils,acceptable,8,16079,174,33,1
clothes,acceptable,16,19087,1216,48,1
furniture,good,86,21234,168,5,1
kids,good,70,14657,1432,229,0
other,poor,36,4414,354,42,0
furniture,poor,79,12588,1046,156,0
kids,like_new,63,10904,1629,179,1
furniture,good,88,8808,725,43,1
clothes,poor,78,6333,1245,211,0
kids,acceptable,60,1186,1868,261,0
furniture,acceptable,26,19284,1278,166,1
kids,good,29,9220,419,71,0
kitchen_utensils,poor,51,20976,950,76,1
kitchen_utensils,like_new,42,13232,1792,17,0
kids,good,77,13167,1817,36,1
kitchen_utensils,poor,34,9644,1112,133,0
kids,like_new,98,11487,292,5,0
furniture,like_new,85,30010,1854,278,0
kids,acceptable,6,249,369,29,1
kids,poor,1,13710,1233,98,1
other,acceptable,69,20551,864,138,0
clothes,acceptable,92,13905,595,29,1
clothes,poor,65,11123,579,57,0
furniture,like_new,61,20470,429,8,0
kids,good,30,10809,323,6,1
clothes,acceptable,92,19418,651,117,0
other,poor,11,8194,1652,99,0
other,acceptable,7,30339,1076,193,0
other,like_new,45,23602,1023,184,0
furniture,acceptable,1,21481,604,6,1
other,poor,78,510,323,6,1
clothes,good,22,2261,906,27,0
furniture,like_new,71,23511,1839,128,1
other,poor,19,15665,834,75,1
clothes,good,10,4814,566,79,1
kitchen_utensils,acceptable,47,21819,568,34,0
kitchen_utensils,like_new,24,3871,271,24,1
kitchen_utensils,acceptable,74,425,481,67,1
other,acceptable,80,782,652,26,1
kitchen_utensils,acceptable,91,2426,501,90,1
other,acceptable,92,1791,935,168,1
furniture,good,25,17086,1448,57,0
clothes,good,59,21277,200,36,0
other,acceptable,43,9703,104,6,1
furniture,poor,74,2708,1589,63,0
clothes,poor,62,7033,372,33,0
furniture,like_new,71,12953,888,150,0
other,poor,55,9305,62,5,1
furniture,good,52,18436,691,69,0
other,acceptable,77,21113,887,17,1
kids,acceptable,47,2466,1206,72,0
kitchen_utensils,poor,39,17794,183,31,0
other,acceptable,38,18073,257,12,0
other,good,4,5720,692,41,1
furniture,acceptable,27,12419,1896,0,1
clothes,good,56,16506,210,35,1
clothes,poor,67,25237,1023,173,0
kids,poor,51,12020,408,36,0
kitchen_utensils,good,38,4951,61,7,1
kids,acceptable,88,22474,1847,129,1
clothes,poor,39,2887,300,9,0
clothes,poor,2,9729,532,95,1
furniture,acceptable,90,16324,213,0,1
furniture,like_new,85,2337,1760,264,1
furniture,like_new,39,17474,1076,107,0
furniture,good,65,1023,369,55,0
kitchen_utensils,good,69,12309,32,3,0
kids,good,55,26144,1813,235,0
clothes,like_new,80,16671,1422,71,0
kids,acceptable,94,5425,446,8,0
kitchen_utensils,acceptable,68,6075,39,3,1
kitchen_utensils,acceptable,76,8739,1030,175,1
other,acceptable,41,27746,1828,18,0
kitchen_utensils,poor,11,28495,1917,345,1
other,acceptable,18,26490,517,87,0
other,poor,57,6296,109,20,1
kids,acceptable,20,4298,1835,256,1
kitchen_utensils,acceptable,94,25089,794,150,1
furniture,like_new,89,23465,663,59,1
kids,poor,63,29271,682,122,1
furniture,acceptable,84,21435,1981,138,0
clothes,like_new,38,11775,1946,136,1
furniture,like_new,14,2440,738,0,1
clothes,like_new,0,27910,206,30,0
furniture,poor,23,11204,96,0,0
kids,good,11,26725,554,33,0
furniture,like_new,43,8255,39,2,0
kids,good,73,13878,402,32,1
kitchen_utensils,poor,24,29701,1130,101,1
other,like_new,56,292,1031,103,0
kids,like_new,27,2451,1180,94,0
kitchen_utensils,like_new,4,30977,1483,44,0
clothes,acceptable,51,29708,1994,338,0
kitchen_utensils,acceptable,14,30717,848,76,0
other,poor,12,28618,287,22,1
kids,good,64,22007,976,146,0
other,acceptable,33,9818,1027,51,0
kitchen_utensils,like_new,33,26569,1120,44,0
clothes,good,24,23379,1154,161,0
clothes,like_new,29,2600,842,117,1
kitchen_utensils,like_new,50,12031,182,14,0
other,like_new,35,10337,136,19,0
other,good,68,11349,546,21,0
kitchen_utensils,like_new,68,72,897,0,1
furniture,good,19,29274,1410,197,1
other,like_new,31,24004,1228,196,1
other,poor,22,24796,302,45,0
clothes,poor,3,6030,1124,168,1
kitchen_utensils,acceptable,14,9681,927,120,1
furniture,acceptable,91,24898,622,12,0
other,poor,47,4786,355,53,0
clothes,good,49,29624,737,51,0
kitchen_utensils,poor,58,20958,1411,0,1
kitchen_utensils,like_new,34,9702,302,24,1
other,acceptable,69,9230,277,38,1
kitchen_utensils,like_new,34,9489,974,77,1
kids,poor,94,10065,654,78,1
kitchen_utensils,acceptable,83,16242,431,21,1
clothes,poor,95,1316,212,16,0
other,like_new,29,27213,1537,276,0
kitchen_utensils,good,8,20593,1496,224,1
furniture,acceptable,74,41,1672,66,0
kids,good,37,6795,1460,14,1
kids,poor,73,5755,619,111,0
kids,like_new,87,21121,310,58,1
kitchen_utensils,acceptable,50,753,27,4,1
kitchen_utensils,like_new,22,12361,147,1,0
other,like_new,65,1837,13,0,0
clothes,poor,45,24447,1040,31,0
kids,good,1,28902,69,8,1
other,like_new,52,818,3,0,0
kitchen_utensils,good,81,21345,130,19,0
kitchen_utensils,poor,35,25781,757,90,0
other,like_new,35,2889,1197,47,0
kitchen_utensils,acceptable,12,20995,961,134,1
other,poor,30,23856,1992,19,0
furniture,poor,83,27133,1873,206,0
kitchen_utensils,good,90,12459,1881,112,0
kids,poor,12,3635,183,12,0
kids,poor,70,11205,1797,107,1
kids,poor,41,30471,1079,0,1
kids,like_new,38,27553,1217,36,0
other,acceptable,38,26800,884,8,1
other,acceptable,60,3221,1773,212,0
other,good,76,13307,356,56,1
kids,good,9,2716,736,117,0
kids,acceptable,66,2861,1673,117,0
furniture,acceptable,56,20110,760,15,0
kids,acceptable,75,7969,780,132,1
kids,poor,70,3333,127,6,0
kitchen_utensils,good,51,22462,1787,303,0
kids,like_new,40,23279,1332,173,1
clothes,acceptable,3,29279,1406,112,1
other,acceptable,80,31481,487,9,1
kids,like_new,77,12158,570,102,1
kids,good,62,26486,249,37,0
furniture,acceptable,89,5244,12,2,1
kitchen_utensils,good,51,22020,1969,0,0
kitchen_utensils,like_new,28,29074,831,33,1
clothes,good,89,21555,1965,294,1
clothes,good,37,3499,96,0,1
kitchen_utensils,poor,69,14102,1619,259,1
clothes,acceptable,99,10638,591,23,1
clothes,poor,38,1348,1609,241,0
clothes,good,50,22941,1821,18,1
clothes,good,78,21218,837,159,1
other,poor,45,3369,1299,233,0
clothes,good,41,30330,661,85,1
kids,good,66,1472,1101,0,0
other,good,20,220,412,65,0
clothes,poor,24,303,171,27,0
other,acceptable,33,13900,651,19,1
other,like_new,82,59,320,38,0
clothes,like_new,38,16911,495,74,0
kids,acceptable,97,23222,987,138,0
other,good,80,3858,213,34,0
other,poor,72,18241,1380,248,0
kitchen_utensils,good,12,22785,1333,133,0
kitchen_utensils,like_new,52,2252,654,52,1
clothes,like_new,83,9623,1156,138,0
other,acceptable,38,8415,1296,168,1
clothes,poor,80,31412,1971,39,1
other,good,42,5312,1051,168,0
kids,acceptable,14,15391,27,0,1
furniture,good,42,11503,338,13,1
clothes,acceptable,34,14972,1331,39,1
kids,good,64,566,1678,285,1
furniture,like_new,53,23192,274,19,0
clothes,acceptable,27,15661,1766,52,0
furniture,acceptable,69,22229,1172,93,1
kids,acceptable,85,8200,936,37,1
other,good,17,30606,1322,224,0
clothes,poor,69,11060,1629,309,0
other,good,9,4641,1329,66,0
clothes,like_new,74,25681,723,50,0
furniture,acceptable,5,1266,61,0,0
other,poor,15,25755,1063,95,1
kitchen_utensils,acceptable,63,25303,445,75,1
kids,poor,9,16105,1026,41,1
other,good,95,25228,1513,242,1
other,like_new,21,9907,1604,272,1
other,good,33,26386,1778,142,0
clothes,poor,73,2094,1649,148,0
clothes,acceptable,76,4780,1519,0,0
furniture,like_new,78,27654,606,18,1
kids,like_new,25,665,450,36,1
other,acceptable,57,23689,469,75,1
kids,like_new,42,7883,536,16,0
other,like_new,46,15527,1286,167,1
clothes,good,41,5774,378,26,1
kids,poor,23,29854,396,0,1
kitchen_utensils,poor,36,31699,565,73,0
other,like_new,53,3201,218,13,1
kitchen_utensils,good,29,26624,648,123,1
clothes,poor,22,4728,818,114,0
furniture,good,76,7225,1356,94,1
furniture,poor,98,21585,238,38,1
clothes,like_new,92,3379,1942,233,0
other,poor,5,8600,149,8,0
kitchen_utensils,acceptable,35,30738,213,0,1
other,like_new,58,20272,550,77,1
kitchen_utensils,good,30,1520,1838,73,1
clothes,acceptable,94,25231,199,33,1
clothes,like_new,43,13695,1861,260,1
clothes,poor,6,26056,135,2,1
kids,poor,95,15587,1435,71,1
clothes,good,5,7417,1173,58,0
clothes,poor,75,6044,1643,0,1
furniture,poor,33,29217,110,9,1
clothes,like_new,70,3310,1231,147,0
kitchen_utensils,acceptable,60,1800,67,5,1
other,like_new,51,22807,1260,138,1
kitchen_utensils,good,61,12555,839,117,1
furniture,acceptable,38,2169,1606,289,1
kids,acceptable,17,30628,919,147,0
kids,poor,12,366,953,114,0
other,good,86,26215,1853,148,0
furniture,good,90,12938,1034,186,0
kitchen_utensils,good,9,30060,535,5,1
kitchen_utensils,poor,7,23638,1080,21,0
kids,acceptable,64,28884,706,77,0
kids,acceptable,15,25932,1138,113,0
kids,acceptable,57,23028,874,26,0
furniture,like_new,15,17012,1055,31,1
furniture,acceptable,2,3576,1196,71,0
kids,poor,13,19296,893,44,0
kitchen_utensils,like_new,63,29637,1810,199,1
kids,like_new,45,24161,1513,90,1
furniture,poor,43,30723,1748,262,1
other,like_new,35,4218,1971,295,1
other,acceptable,94,7919,1741,34,1
other,acceptable,96,26998,1520,91,0
kids,acceptable,48,6973,746,134,0
kids,like_new,86,9800,489,83,0
furniture,poor,50,29921,239,11,0
kids,poor,72,22326,4,0,0
kitchen_utensils,poor,61,15717,943,113,1
furniture,like_new,46,31924,1164,116,1
furniture,acceptable,2,29803,665,73,0
kids,like_new,83,6285,203,4,1
clothes,good,14,20925,1670,16,1
clothes,acceptable,84,11995,50,5,1
kids,poor,61,5882,20,0,0
other,good,64,17450,1382,55,1
kids,acceptable,2,1833,528,42,1
furniture,poor,33,26190,1516,166,1
furniture,acceptable,0,7142,1503,15,1
kids,like_new,10,28194,1649,247,1
kitchen_utensils,acceptable,91,18424,848,135,1
kids,acceptable,52,20693,964,115,0
kitchen_utensils,poor,19,11396,1489,163,1
clothes,like_new,37,13031,415,0,1
kitchen_utensils,poor,38,31918,1159,11,1
furniture,good,54,31765,1598,31,1
kids,like_new,2,3609,1046,0,1
other,like_new,39,25630,1126,213,1
kids,like_new,32,15940,659,6,0
kids,like_new,51,947,1896,56,0
kitchen_utensils,acceptable,44,14864,355,31,0
furniture,acceptable,48,8096,1265,0,1
furniture,like_new,71,12535,1634,130,1
kids,poor,39,27813,452,54,0
clothes,good,38,9759,95,5,1
other,like_new,62,8750,1048,73,1
furniture,acceptable,54,1512,1422,170,0
kids,acceptable,12,31160,23,3,0
other,good,34,25437,145,13,0
other,acceptable,57,27660,258,12,1
other,acceptable,91,214,1602,208,1
clothes,acceptable,29,15528,1310,52,0
kitchen_utensils,poor,78,9397,1533,107,0
other,like_new,57,18249,603,90,0
kids,acceptable,97,28151,1999,59,1
clothes,acceptable,65,11611,1414,98,0
kitchen_utensils,acceptable,78,17212,1510,30,0
kids,poor,66,14038,133,17,1
furniture,like_new,50,13195,1847,55,0
furniture,like_new,43,9087,1299,12,1
furniture,like_new,83,16864,740,133,0
kids,like_new,75,12281,1766,17,1
other,poor,77,18602,268,40,1
kitchen_utensils,good,97,11446,240,9,0
kitchen_utensils,like_new,65,28532,878,17,1
kids,acceptable,89,14966,1123,145,0
kitchen_utensils,acceptable,21,19324,1083,151,0
clothes,like_new,34,10156,629,12,0
kids,like_new,71,23938,1710,119,0
kids,like_new,50,5126,1128,45,1
kids,like_new,24,29878,1582,268,0
kids,good,20,13035,1716,154,1
kids,acceptable,13,16748,1406,224,1
kitchen_utensils,acceptable,16,18513,1204,144,0
kids,good,10,14280,1985,178,1
kids,good,62,7394,1105,110,0
furniture,poor,8,26323,416,0,0
kitchen_utensils,good,70,31470,482,67,1
kitchen_utensils,like_new,43,1525,1510,256,1
kitchen_utensils,poor,7,14433,1136,147,0
clothes,acceptable,95,24456,1662,216,0
furniture,like_new,16,7023,207,2,0
clothes,like_new,51,12266,135,22,0
kids,good,50,19446,869,69,0
kids,like_new,98,27126,218,32,1
other,acceptable,23,6924,1924,153,0
other,acceptable,21,23054,180,27,0
kitchen_utensils,like_new,40,495,574,63,0
kitchen_utensils,acceptable,60,9842,1499,149,0
other,acceptable,44,22770,1995,279,0
kitchen_utensils,good,44,7295,603,42,0
furniture,like_new,69,14574,1441,244,0
kitchen_utensils,good,44,6971,588,70,1
kitchen_utensils,poor,90,28110,138,12,0
kids,good,28,9327,541,59,0
other,acceptable,4,19238,1798,0,0
other,good,52,25702,1593,191,1
kids,acceptable,11,5975,1073,118,1
kids,poor,14,3581,930,18,0
clothes,good,16,2321,1771,141,1
kitchen_utensils,good,76,10061,593,71,1
other,like_new,21,17236,593,59,1
furniture,like_new,37,19664,146,7,0
kids,poor,34,5031,380,19,1
clothes,like_new,62,847,14,0,0
other,like_new,78,23707,1625,211,0
other,acceptable,33,2699,108,1,0
other,like_new,36,31119,1908,114,1
kids,good,55,4869,1491,44,0
kids,poor,1,24469,1890,359,1
other,poor,20,20995,936,0,0
furniture,good,71,20298,1742,156,1
other,like_new,67,8026,682,88,0
other,good,13,12717,1189,59,0
kitchen_utensils,good,33,30587,1897,0,1
furniture,like_new,10,2419,1627,130,1
kitchen_utensils,acceptable,58,11565,1090,163,1
clothes,poor,6,1166,1297,220,1
furniture,like_new,57,24053,955,47,0
kids,poor,47,28163,1028,0,1
clothes,acceptable,82,22428,145,7,1
clothes,like_new,34,9380,110,1,0
furniture,acceptable,10,26556,402,16,1
furniture,acceptable,58,25199,630,12,0
clothes,acceptable,64,30522,860,17,0
other,acceptable,16,906,717,136,1
other,poor,63,24559,674,40,1
kitchen_utensils,poor,4,16061,441,39,1
clothes,good,6,17526,763,0,0
furniture,like_new,94,25507,367,51,1
other,good,54,14091,1140,193,1
clothes,good,74,31481,1206,96,1
kids,poor,2,17082,717,129,1
furniture,like_new,68,13524,189,26,1
clothes,good,14,19408,1596,15,1
furniture,poor,80,22201,298,35,1
other,good,75,2682,1002,20,0
other,good,86,4973,1836,201,1
clothes,acceptable,67,24639,803,88,0
kids,acceptable,90,10175,1251,125,1
clothes,like_new,74,16324,1687,286,1
clothes,like_new,80,26358,1999,199,0
kitchen_utensils,acceptable,73,4852,554,72,1
kids,like_new,25,19539,1228,184,1
clothes,acceptable,25,5696,588,0,1
clothes,like_new,34,132,448,13,0
kids,acceptable,80,1638,294,44,1
kitchen_utensils,like_new,22,5728,1232,86,0
other,poor,55,27687,1183,177,0
other,like_new,49,27132,209,8,1
clothes,poor,8,1769,1365,27,0
furniture,acceptable,95,27314,1923,96,0
clothes,good,31,16063,1642,229,1
kids,good,66,3625,665,39,1
kids,good,86,17699,1817,145,0
kitchen_utensils,like_new,60,20092,1121,56,0
kids,poor,34,25676,1892,113,1
kids,poor,57,4850,1276,25,1
clothes,like_new,43,548,342,0,0
kids,like_new,82,18427,1677,83,0
other,good,17,15383,352,52,1
other,good,18,20556,402,36,1
kitchen_utensils,acceptable,75,31869,1038,176,0
other,poor,0,3624,1657,0,1
kitchen_utensils,poor,83,19668,195,9,0
other,poor,13,21829,940,141,1
furniture,good,66,24699,529,52,1
kids,poor,66,31119,1989,139,0
furniture,poor,44,26563,149,23,0
clothes,acceptable,13,19660,1832,201,1
other,poor,4,23325,471,61,1
clothes,poor,63,8855,1770,123,1
clothes,good,46,26173,648,0,1
kitchen_utensils,poor,56,37,1238,49,1
clothes,like_new,21,31048,364,29,1
clothes,like_new,94,9089,706,28,0
kids,like_new,56,7250,587,58,1
furniture,poor,47,5767,1862,260,0
kids,like_new,66,12855,1769,159,1
kitchen_utensils,acceptable,13,26444,1895,56,0
kitchen_utensils,poor,24,13061,886,44,0
clothes,good,96,2547,1015,60,1
other,poor,37,8179,911,27,0
clothes,poor,3,28934,84,13,1
kids,like_new,57,19932,1845,332,1
clothes,like_new,8,8763,1830,256,1
kids,good,9,2201,903,36,1
kitchen_utensils,acceptable,87,8088,1071,42,1
kids,poor,32,20189,1234,37,0
kids,good,6,15831,1724,51,1
furniture,good,15,4242,12,1,1
clothes,good,21,16719,47,0,0
kids,good,98,17504,601,30,0
furniture,good,60,15520,1169,128,1
other,poor,30,9055,1578,252,1
furniture,good,16,11316,864,146,1
furniture,acceptable,12,5197,1916,306,0
furniture,acceptable,34,3503,1799,215,0
kids,poor,9,21676,116,0,0
kids,acceptable,98,21092,1374,151,0
furniture,like_new,22,30721,1346,215,1
kitchen_utensils,poor,1,11449,161,9,0
kitchen_utensils,like_new,24,25548,1782,267,0
kitchen_utensils,like_new,89,641,105,3,0
other,acceptable,75,21510,446,57,1
furniture,poor,17,4202,1142,125,0
other,good,68,1949,1853,37,1
clothes,acceptable,6,20792,1792,161,0
other,good,82,20085,489,44,0
kids,good,36,6541,432,4,1
other,like_new,73,12404,488,0,0
other,good,33,3606,838,58,0
furniture,acceptable,25,22050,1543,185,0
furniture,good,66,6316,926,46,1
kids,acceptable,91,20070,1005,10,1
clothes,like_new,17,4986,1148,126,1
kitchen_utensils,good,66,25280,1331,39,0
clothes,good,59,9923,1121,168,1
kids,acceptable,87,22506,1635,49,0
furniture,poor,61,6542,1819,54,0
furniture,poor,52,2372,1243,87,0
kids,poor,3,19561,1471,58,0
furniture,good,91,7265,1870,56,1
furniture,poor,49,6723,733,117,1
clothes,good,73,27138,391,43,1
kitchen_utensils,like_new,30,22955,270,24,1
other,poor,57,25001,515,72,1
other,poor,79,22388,177,1,1
other,good,93,13073,1415,0,1
other,like_new,70,30721,1881,357,1
kids,good,90,15702,829,0,0
other,acceptable,54,7172,1561,46,0
other,poor,63,9495,76,14,0
other,like_new,31,11672,956,114,1
clothes,acceptable,16,8577,1040,197,1
furniture,like_new,47,6836,557,50,1
other,good,37,28996,1929,38,0
clothes,poor,91,24334,654,45,0
kids,poor,0,28586,819,147,1
other,poor,93,14553,1751,122,0
kitchen_utensils,acceptable,64,14059,1233,197,0
kids,like_new,24,15695,616,86,0
kitchen_utensils,like_new,10,25644,1764,0,1
kids,acceptable,31,6053,1672,50,0
kids,like_new,72,24370,1975,177,1
kitchen_utensils,poor,72,26096,1201,36,1
other,poor,89,20840,492,73,0
clothes,acceptable,4,15078,37,6,1
kids,poor,28,27592,731,95,0
other,poor,36,30424,795,23,1
other,acceptable,68,27111,1363,95,0
kitchen_utensils,poor,71,22361,408,48,0
kitchen_utensils,acceptable,28,10273,897,107,0
clothes,poor,44,10491,1222,12,1
furniture,good,25,30754,1145,22,0
clothes,like_new,97,10842,1784,124,0
furniture,like_new,25,26980,172,12,1
other,like_new,76,31791,666,119,1
furniture,like_new,71,10754,1154,23,1
other,like_new,10,9363,1916,325,1
kids,poor,41,13845,805,96,0
clothes,like_new,2,24261,610,79,0
clothes,poor,8,10932,61,4,0
kitchen_utensils,poor,66,2778,523,41,1
other,acceptable,19,4895,331,36,0
other,poor,76,26211,898,62,1
other,good,60,4965,1068,128,1
kitchen_utensils,acceptable,53,19385,1590,127,0
other,like_new,5,26365,99,15,0
other,good,67,31766,1869,224,1
kitchen_utensils,poor,46,16903,1493,119,0
furniture,poor,17,10126,163,3,1
kitchen_utensils,acceptable,68,23694,43,0,1
clothes,poor,58,23945,1634,65,1
clothes,like_new,50,16550,1886,56,1
clothes,good,84,5757,509,96,0
kids,like_new,14,29069,586,11,0
other,acceptable,18,16116,1211,12,0
kitchen_utensils,like_new,5,25924,1420,227,1
kids,good,99,11068,1085,54,0
kitchen_utensils,good,77,28202,566,45,1
kids,good,74,17929,1413,254,1
clothes,poor,40,14893,1940,213,0
kids,acceptable,77,17818,1686,134,0
other,acceptable,84,21847,1297,25,0
kids,acceptable,70,19858,917,9,1
kitchen_utensils,like_new,7,10648,1034,113,1
kitchen_utensils,good,86,12735,1698,169,1
furniture,like_new,75,12733,638,19,0
clothes,poor,40,963,1135,158,0
other,acceptable,64,202,1646,296,1
clothes,acceptable,18,8885,1511,120,1
kitchen_utensils,like_new,37,12453,1655,16,1
other,good,72,14728,592,5,1
furniture,like_new,22,18383,1044,41,0
clothes,like_new,59,9020,1733,69,0
kids,good,1,13261,592,11,0
other,good,84,9418,1625,276,1
clothes,poor,36,25691,1047,94,0
kitchen_utensils,good,52,29509,1320,132,1
furniture,acceptable,50,601,1447,188,0
clothes,acceptable,67,12110,913,146,0
furniture,poor,82,13031,1510,196,0
clothes,poor,55,6198,1158,115,1
kids,poor,51,11880,1877,356,1
furniture,like_new,91,13650,1136,147,0
furniture,like_new,67,29382,1239,136,1
other,like_new,26,4079,1915,0,0
kids,good,68,21066,316,25,0
kids,poor,89,1577,255,5,0
other,like_new,53,8129,302,3,0
kids,acceptable,23,14968,634,57,1
clothes,poor,9,10372,109,18,1
kitchen_utensils,good,44,18043,1834,91,0
kids,poor,10,1027,806,24,0
kids,like_new,49,22552,1280,217,1
kitchen_utensils,poor,4,1465,513,92,1
clothes,poor,34,25289,860,17,1
other,poor,31,9231,895,53,1
kids,like_new,46,3687,700,77,0
other,good,94,2197,1770,318,1
kids,acceptable,9,14169,1088,65,0
other,like_new,62,16673,306,58,0
clothes,good,61,16268,195,23,0
furniture,good,99,28333,483,86,1
kitchen_utensils,like_new,98,23304,914,36,1
kids,good,25,19024,1960,254,0
other,good,28,3871,1790,268,1
furniture,like_new,97,2112,967,9,0
kids,good,69,13873,999,49,0
furniture,poor,52,1160,823,49,1
furniture,acceptable,60,13997,1044,52,1
kids,poor,79,19045,99,12,0
furniture,poor,70,31072,471,56,1
clothes,acceptable,92,10705,508,76,0
kitchen_utensils,good,89,23329,1123,179,1
other,good,97,14470,1643,197,0
kids,like_new,64,5092,175,15,1
kids,poor,55,6408,1709,187,0
kids,like_new,61,29074,879,131,0
kitchen_utensils,good,49,7717,107,12,1
clothes,like_new,34,1649,272,21,0
kitchen_utensils,poor,78,23519,1620,97,0
other,like_new,51,6590,1448,57,0
other,good,20,11550,1976,98,1
kids,like_new,62,17189,1304,247,0
furniture,poor,50,3992,1983,237,1
kitchen_utensils,like_new,58,8333,37,6,0
other,like_new,38,8372,1039,62,1
other,like_new,11,30028,1854,129,1
furniture,good,37,12065,1306,182,0
kitchen_utensils,good,47,23226,1221,48,1
kids,acceptable,49,6973,1150,218,0
kids,poor,87,19413,607,0,0
kids,acceptable,15,27476,225,31,0
furniture,good,16,31756,1390,236,1
kitchen_utensils,acceptable,98,20438,1216,48,1
furniture,like_new,65,31977,1602,192,1
clothes,poor,34,14513,1267,12,1
kitchen_utensils,poor,65,3027,1881,263,1
clothes,acceptable,70,16749,1126,135,1
furniture,good,64,6855,649,6,0
other,acceptable,10,9151,961,86,0
other,acceptable,85,25579,1679,201,0
furniture,like_new,43,19376,1,0,0
other,poor,58,10187,1053,31,0
furniture,like_new,6,10296,1986,357,0
kitchen_utensils,good,5,24220,1442,43,0
kids,poor,95,1201,1029,164,0
furniture,poor,42,2530,1364,54,0
kitchen_utensils,acceptable,94,27482,591,17,1
furniture,poor,16,10331,1667,316,1
clothes,poor,43,6660,1746,122,1
kids,like_new,64,15192,213,34,0
furniture,good,7,30203,350,35,1
clothes,acceptable,1,847,1316,65,0
kids,good,2,31474,1789,161,0
other,acceptable,78,17173,741,29,0
kitchen_utensils,like_new,73,9362,75,6,1
other,good,17,2098,1399,223,0
clothes,acceptable,13,23438,976,117,0
clothes,good,53,31653,366,65,0
kids,good,81,23645,102,8,0
furniture,good,79,13973,912,155,1
clothes,acceptable,22,12655,395,47,0
kitchen_utensils,like_new,46,10541,595,71,0
kids,good,89,22352,498,14,0
kitchen_utensils,good,29,6009,1439,14,1
clothes,like_new,38,29903,1229,49,1
kids,like_new,20,4021,1021,112,1
other,good,17,18287,87,1,1
other,poor,36,17167,815,16,1
other,good,4,2926,179,16,0
kitchen_utensils,like_new,3,11166,491,78,0
kitchen_utensils,poor,99,7593,742,66,1
clothes,good,94,28736,724,123,0
other,poor,51,29686,1712,171,0
kids,acceptable,38,11994,189,0,0
kitchen_utensils,poor,93,5915,1112,211,1
kitchen_utensils,poor,28,196,1130,214,0
furniture,like_new,50,27918,1251,37,1
kitchen_utensils,poor,4,3985,833,158,1
other,poor,30,7854,1590,31,1
kids,like_new,81,19810,1708,170,0
kids,good,10,10238,1223,146,1
kids,good,22,188,1201,36,1
kitchen_utensils,like_new,20,28483,1806,72,0
clothes,poor,37,14547,415,20,0
kitchen_utensils,poor,39,1064,1619,178,1
kids,good,3,14287,887,106,1
clothes,acceptable,66,2102,1734,104,1
clothes,good,99,20639,287,51,0
furniture,acceptable,43,879,824,49,0
kitchen_utensils,poor,0,20292,1211,108,0
kitchen_utensils,poor,10,10074,26,4,1
other,good,87,26913,119,1,0
kids,like_new,74,21024,648,71,0
kids,poor,82,13970,1545,139,1
clothes,like_new,26,22535,1524,243,0
kitchen_utensils,like_new,81,12057,231,30,1
kitchen_utensils,poor,29,11041,1093,98,1
kids,good,35,31411,1174,129,0
clothes,acceptable,30,2586,356,64,1
other,poor,57,15991,1480,207,1
furniture,acceptable,32,20533,1202,120,1
clothes,acceptable,6,29811,1107,77,0
kids,acceptable,42,30051,1189,83,0
kitchen_utensils,poor,33,2393,102,13,1
furniture,like_new,49,9829,287,0,0
kids,poor,41,3461,1539,123,0
other,like_new,65,15854,1262,151,1
kitchen_utensils,acceptable,22,24450,334,46,0
kids,good,82,230,1875,337,1
kitchen_utensils,like_new,85,18903,404,60,1
kids,good,5,1591,1839,349,1
furniture,like_new,32,27801,1313,105,1
furniture,acceptable,45,11037,946,85,1
clothes,like_new,45,20244,1432,71,1
kitchen_utensils,like_new,12,14643,323,58,1
furniture,acceptable,5,3907,1422,227,0
clothes,poor,95,15632,65,8,1
kids,acceptable,88,7011,62,11,0
kids,like_new,74,2842,335,33,1
clothes,poor,92,3407,1669,300,1
clothes,acceptable,26,28874,1824,218,1
clothes,like_new,3,13076,620,111,1
kitchen_utensils,good,89,1752,756,37,0
other,poor,37,7878,262,39,1
other,poor,4,3613,548,98,1
clothes,poor,11,7253,293,46,0
kids,like_new,30,21839,1607,80,1
furniture,like_new,23,20017,499,54,0
clothes,like_new,32,28016,1642,114,1
other,good,83,3743,53,8,0
clothes,acceptable,83,7651,1964,117,0
other,poor,85,7774,1731,242,1
furniture,good,32,22174,35,5,0
kitchen_utensils,poor,82,3725,99,17,0
clothes,like_new,19,8136,248,32,1
kids,acceptable,89,22147,1398,83,1
kids,poor,49,15299,1407,267,0
other,poor,33,22257,1147,160,0
kitchen_utensils,acceptable,45,716,1407,168,0
furniture,good,71,20476,251,10,0
kids,like_new,83,23012,1236,12,1
other,good,45,1139,157,12,1
kitchen_utensils,acceptable,61,7443,436,26,0
clothes,poor,47,14591,1801,252,0
other,poor,50,4153,344,44,1
other,acceptable,92,6308,634,88,0
furniture,like_new,37,23122,1570,204,1
other,like_new,58,12332,1742,69,0
clothes,good,41,12163,221,15,0
kids,poor,20,26081,1131,124,0
kids,poor,50,13809,638,70,1
kitchen_utensils,acceptable,47,14611,917,100,1
furniture,poor,18,5038,101,15,0
kitchen_utensils,like_new,5,23009,1871,336,1
kids,like_new,69,27588,1818,218,0
clothes,poor,42,6259,1708,239,0
furniture,poor,87,26305,1002,40,0
other,good,80,11028,619,43,1
furniture,good,49,3436,65,3,0
kitchen_utensils,good,20,27433,963,134,1
kids,poor,32,25595,1925,96,1
other,poor,48,18634,1413,14,0
furniture,good,1,1312,1388,83,1
kitchen_utensils,poor,92,14616,1010,90,1
other,acceptable,10,20402,206,39,1
other,acceptable,56,13796,1582,253,1
kitchen_utensils,good,80,29513,163,11,1
clothes,acceptable,31,10426,740,133,1
other,poor,24,22862,609,66,0
furniture,good,53,31458,1152,138,1
kids,good,16,8841,1867,37,1
kids,acceptable,17,15849,1495,224,1
kitchen_utensils,good,75,13386,821,155,0
clothes,good,62,28440,1242,136,1
clothes,acceptable,20,18923,18,3,0
clothes,good,59,857,766,68,0
furniture,poor,3,21320,1184,0,0
clothes,acceptable,1,7807,81,0,0
furniture,acceptable,97,1354,610,54,0
kitchen_utensils,acceptable,28,20758,882,149,1
furniture,poor,60,15864,97,1,0
kitchen_utensils,acceptable,2,17881,1763,35,0
kids,acceptable,31,1116,1309,196,0
furniture,good,26,27847,587,99,0
kids,acceptable,39,27857,1930,212,1
kitchen_utensils,poor,17,3182,1875,18,1
clothes,like_new,73,5682,23,1,0
kids,like_new,1,6232,766,130,1
kitchen_utensils,like_new,69,91,26,3,1
furniture,good,68,23641,991,188,0
other,good,76,28430,1162,34,1
furniture,good,19,6545,1423,71,1
kids,acceptable,88,4648,1437,186,1
furniture,acceptable,74,18445,1031,92,1
kids,like_new,31,15444,779,101,1
furniture,like_new,73,19331,1317,39,0
kitchen_utensils,like_new,94,23999,254,5,0
furniture,poor,36,31169,820,98,1
other,like_new,16,24665,1142,125,1
furniture,good,9,5778,1197,35,1
furniture,like_new,26,31706,41,0,1
other,poor,35,25556,1442,14,1
clothes,poor,85,3804,847,135,0
other,good,85,14927,1875,281,1
furniture,poor,59,21959,972,68,0
other,acceptable,41,22402,518,56,0
furniture,good,3,30160,159,19,0
furniture,poor,65,24930,900,90,1
kitchen_utensils,like_new,29,8007,184,3,0
furniture,poor,20,726,167,15,0
furniture,good,83,16811,329,59,1
clothes,poor,77,20657,1768,247,0
kitchen_utensils,acceptable,98,13962,1213,24,1
clothes,acceptable,40,13581,880,167,0
furniture,acceptable,64,3596,833,33,0
clothes,like_new,57,12664,227,15,1
clothes,good,29,22581,1816,181,0
kitchen_utensils,like_new,64,22455,418,8,1
other,acceptable,63,27975,17,3,1
kitchen_utensils,good,16,21224,494,79,0
other,poor,34,20621,1723,206,0
kitchen_utensils,poor,6,5384,601,66,1
kids,acceptable,14,8522,1436,129,0
clothes,poor,16,14097,366,25,1
kids,poor,39,23397,487,19,1
kids,poor,55,31418,387,73,0
other,good,84,16273,838,100,0
clothes,good,90,12229,781,39,1
kids,acceptable,19,7910,726,0,1
clothes,poor,11,11482,1795,71,0
kitchen_utensils,acceptable,50,30275,1129,56,1
kitchen_utensils,acceptable,68,25008,481,81,1
clothes,good,71,26924,1990,59,0
kitchen_utensils,like_new,67,25188,1847,240,0
clothes,acceptable,61,1300,1378,41,0
furniture,acceptable,68,13091,1916,306,0
clothes,good,2,1936,384,42,1
furniture,good,49,12702,1756,122,0
clothes,poor,72,6057,1128,67,0
clothes,good,38,2687,1754,210,0
clothes,acceptable,95,12974,541,5,1
kitchen_utensils,like_new,4,20464,744,141,0
furniture,acceptable,59,6385,1263,164,1
kitchen_utensils,poor,13,17587,1301,208,1
kitchen_utensils,like_new,53,23449,1960,156,0
other,like_new,13,21715,1925,77,1
kids,good,48,31015,688,110,0
kids,acceptable,2,9322,1423,213,1
other,poor,6,27362,698,20,1
furniture,acceptable,49,12235,398,27,1
kids,good,13,8259,183,3,1
other,good,39,26548,1508,256,0
kitchen_utensils,poor,33,24627,775,62,0
furniture,like_new,1,5367,1057,95,1
kids,good,24,24798,1779,177,1
furniture,poor,57,16785,149,26,1
furniture,acceptable,76,28989,1811,344,0
other,poor,55,27793,546,70,0
kids,good,81,26177,1489,148,1
furniture,poor,56,7848,248,9,1
furniture,poor,14,22956,1819,309,0
kitchen_utensils,poor,93,12146,786,23,0
other,acceptable,73,5178,454,81,1
kitchen_utensils,like_new,37,26445,76,7,0
other,acceptable,86,28044,1643,32,0
furniture,like_new,66,15614,680,68,0
clothes,acceptable,17,22096,1313,157,0
kitchen_utensils,poor,8,30980,775,77,1
clothes,like_new,99,13386,542,32,0
kitchen_utensils,poor,14,2368,1206,168,1
clothes,acceptable,53,14043,1771,88,0
clothes,acceptable,2,7009,181,3,1
other,acceptable,1,3252,206,28,0
kitchen_utensils,poor,64,19232,593,65,1
kids,poor,7,7071,1375,96,0
clothes,poor,40,2616,709,106,1
other,poor,22,13065,1599,143,0
furniture,like_new,29,27104,1041,20,1
kids,poor,85,265,606,42,1
other,acceptable,33,6693,298,0,0
clothes,acceptable,0,10463,488,48,0
furniture,good,45,27358,1584,269,1
clothes,good,86,30733,1446,187,0
furniture,poor,64,29030,1738,34,0
kitchen_utensils,like_new,99,5713,1567,188,0
other,acceptable,2,6661,1415,70,0
clothes,acceptable,45,13645,1473,0,0
kitchen_utensils,like_new,9,28929,1351,27,0
kitchen_utensils,poor,5,6847,1156,57,1
kitchen_utensils,good,62,3537,1768,247,1
kids,good,54,31853,1847,313,0
kitchen_utensils,like_new,66,2924,842,126,1
furniture,poor,56,18880,745,44,0
other,good,15,7575,1299,246,1
furniture,acceptable,71,4936,1872,112,0
clothes,like_new,87,25501,1799,143,0
kids,good,2,9774,1671,0,1
other,good,62,23058,872,148,1
kids,good,61,20611,1727,207,0
other,acceptable,82,16804,4,0,0
other,acceptable,66,45,329,55,0
kitchen_utensils,poor,48,3228,1593,95,0
kitchen_utensils,acceptable,8,9153,231,39,1
kids,acceptable,45,8128,1660,298,0
furniture,good,57,14039,1643,246,0
clothes,acceptable,79,25698,674,94,0
clothes,like_new,71,24533,1673,66,1
furniture,acceptable,65,25816,1605,0,0
kitchen_utensils,good,39,13197,1233,160,0
kitchen_utensils,good,28,20119,128,21,1
furniture,acceptable,5,25314,1521,197,0
furniture,acceptable,0,23674,1811,72,0
furniture,good,17,17597,1797,341,0
kids,like_new,24,4049,71,10,1
clothes,like_new,86,9091,1560,31,1
clothes,acceptable,26,31498,1673,317,1
kids,poor,10,1801,124,8,1
kitchen_utensils,poor,10,6452,1309,26,0
kitchen_utensils,poor,29,5893,332,9,0
kitchen_utensils,acceptable,85,20947,40,0,0
furniture,good,40,26500,1234,86,1
other,poor,65,23055,1945,136,1
furniture,acceptable,89,31679,1973,39,0
kitchen_utensils,good,88,12360,1748,332,1
other,good,79,27348,132,9,0
kids,good,48,22510,890,8,1
clothes,acceptable,20,27050,1589,79,0
other,good,31,20829,1562,281,0
furniture,acceptable,82,10923,861,77,0
other,good,48,18209,1779,106,0
kids,poor,40,373,228,22,1
kids,acceptable,65,2106,1040,104,0
other,acceptable,56,14224,1091,54,0
other,like_new,86,14156,1138,91,0
clothes,good,0,30899,938,93,0
kids,like_new,8,28217,444,71,1
furniture,like_new,46,30530,969,58,0
furniture,good,88,20669,589,53,0
kids,poor,91,27840,809,72,0
other,poor,10,19277,117,12,0
clothes,like_new,53,2714,1665,166,1
furniture,acceptable,93,2902,1737,86,1
furniture,acceptable,26,8200,799,0,1
clothes,good,67,25457,631,12,1
kitchen_utensils,good,66,166,1996,19,0
kitchen_utensils,like_new,16,11683,837,100,0
clothes,acceptable,0,17562,261,41,0
other,poor,23,9775,1034,31,0
furniture,acceptable,10,31149,962,96,1
furniture,acceptable,41,20180,606,60,1
kitchen_utensils,good,60,31303,631,56,0
furniture,acceptable,15,8684,1685,269,0
kitchen_utensils,like_new,5,4004,956,162,0
furniture,acceptable,36,625,1064,191,1
furniture,like_new,65,14878,479,86,0
other,poor,18,21438,1015,101,1
kids,poor,39,25151,1539,123,0
furniture,good,13,2305,1875,243,1
clothes,like_new,39,27831,1675,33,0
furniture,poor,85,18493,1749,279,1
other,poor,34,28770,1697,101,0
kitchen_utensils,good,92,18547,1674,267,0
clothes,poor,77,31999,405,36,0
kids,poor,80,14666,1085,141,0
kitchen_utensils,acceptable,67,25185,1106,77,0
furniture,good,38,3209,1798,179,0
kitchen_utensils,good,56,21772,132,17,1
other,acceptable,18,19429,856,68,0
clothes,acceptable,39,978,909,9,0
kids,acceptable,37,19780,641,6,0
other,good,8,12566,1168,105,0
furniture,like_new,44,2009,100,6,0
other,like_new,27,3544,1740,139,1
kids,good,4,24801,1685,16,0
furniture,poor,48,25289,227,20,1
furniture,poor,25,5206,216,28,1
clothes,acceptable,72,6498,1786,339,1
other,like_new,43,25356,16,2,0
other,good,46,23109,1898,360,0
kids,good,98,25966,144,18,1
other,good,66,15777,1794,233,0
clothes,like_new,70,23499,1672,250,1
furniture,like_new,81,7200,508,20,0
other,poor,49,9455,354,10,0
other,poor,49,13793,150,24,0
kids,like_new,66,26059,310,43,1
furniture,good,59,25749,1681,218,0
other,acceptable,44,28071,1512,0,1
clothes,good,31,28378,469,46,0
kids,good,80,17547,641,19,0
other,like_new,27,17957,1698,67,1
furniture,good,62,4010,982,117,1
other,acceptable,41,10250,465,9,1
clothes,like_new,56,16169,199,23,0
kitchen_utensils,good,16,13234,1370,54,0
kitchen_utensils,poor,36,3173,624,106,0
furniture,like_new,46,5716,363,39,1
clothes,like_new,66,9493,342,13,0
kitchen_utensils,acceptable,96,1317,573,57,1
kitchen_utensils,good,20,30549,565,84,1
furniture,good,44,23857,1722,309,0
clothes,like_new,43,31606,916,18,1
furniture,good,89,17268,1989,19,1
kids,like_new,29,13801,694,117,1
other,acceptable,15,24924,1340,160,1
kids,poor,76,12946,1722,327,1
furniture,acceptable,11,8541,1539,215,1
clothes,good,52,31424,1980,316,0
furniture,good,15,7757,1850,37,0
other,acceptable,10,2445,188,7,0
kids,poor,10,5509,1297,207,1
kitchen_utensils,like_new,58,5159,300,18,0
furniture,acceptable,92,11455,1405,84,1
kitchen_utensils,acceptable,1,5203,1712,85,0
furniture,poor,89,8266,720,136,0
furniture,acceptable,58,18462,323,19,1
kids,acceptable,41,1891,239,7,0
furniture,like_new,75,28107,1924,192,1
kids,like_new,60,30432,1721,206,1
kitchen_utensils,poor,17,13710,806,112,0
clothes,good,27,10339,613,73,1
clothes,acceptable,54,25369,580,75,0
clothes,acceptable,31,14389,1983,0,1
kids,good,94,16826,1181,35,0
kitchen_utensils,acceptable,9,14991,1049,0,1
clothes,acceptable,10,21367,1547,216,1
kids,like_new,23,27035,1480,177,1
clothes,acceptable,97,27704,1354,54,1
furniture,like_new,71,28819,1546,231,1
kids,like_new,98,18540,1014,131,0
kitchen_utensils,acceptable,40,27768,825,66,0
furniture,poor,32,18998,1799,341,0
other,good,18,26566,1992,139,1
other,good,82,5413,1216,121,0
kids,acceptable,51,25116,432,38,1
kitchen_utensils,like_new,89,17168,1574,15,1
kitchen_utensils,like_new,58,20375,705,105,0
furniture,like_new,84,5547,686,0,1
clothes,poor,79,20195,1624,178,1
kitchen_utensils,poor,39,194,1065,117,0
other,good,82,13713,1760,70,1
other,good,51,27669,687,96,1
furniture,like_new,46,22742,1049,31,1
other,poor,37,19632,1275,0,0
kitchen_utensils,acceptable,44,18359,794,134,1
kitchen_utensils,poor,40,27961,89,12,0
furniture,like_new,6,12891,1662,149,1
kitchen_utensils,good,92,31992,790,79,0
other,acceptable,0,18921,834,8,0
kids,acceptable,38,21771,1633,32,1
kids,good,98,23925,846,101,0
furniture,like_new,98,31325,1635,163,0
furniture,like_new,70,17076,5,0,1
furniture,poor,18,18485,306,27,0
kitchen_utensils,acceptable,59,25371,843,118,1
furniture,good,21,9405,1233,49,1
clothes,good,37,2446,1432,57,0
kids,acceptable,55,4483,778,108,1
other,like_new,24,25838,1262,0,1
kids,poor,97,29130,1407,239,1
other,acceptable,17,19695,1342,40,0
other,acceptable,12,19231,138,0,0
kids,acceptable,92,1969,1872,224,1
other,like_new,79,11667,64,10,0
other,like_new,82,10613,1411,253,1
kitchen_utensils,like_new,5,2973,823,139,0
kitchen_utensils,poor,97,22012,963,77,0
kitchen_utensils,poor,51,25417,992,148,0
furniture,good,63,24624,1352,121,0
kitchen_utensils,poor,88,3764,33,4,1
other,poor,11,24302,259,18,1
kitchen_utensils,good,27,4524,1025,71,0
kids,like_new,68,1622,1416,0,0
kitchen_utensils,poor,12,9421,930,167,0
furniture,good,35,24381,1603,256,1
furniture,acceptable,98,5157,724,72,0
other,acceptable,32,3586,145,23,1
clothes,acceptable,82,11965,1093,120,0
other,like_new,98,21023,1250,225,1
kitchen_utensils,poor,78,28846,1042,10,1
kids,acceptable,21,6039,231,16,0
clothes,good,3,27330,834,91,0
other,poor,9,4848,760,91,0
kids,good,55,20628,1958,0,0
furniture,poor,45,3849,1093,43,0
kitchen_utensils,good,5,1912,1643,0,0
other,poor,99,9465,1612,225,1
furniture,acceptable,14,7569,398,3,1
furniture,acceptable,7,6363,1848,203,0
furniture,like_new,88,8365,741,59,0
kids,acceptable,73,25081,1298,0,0
kids,good,1,12974,124,4,0
kids,good,8,8364,251,27,0
other,poor,46,16249,600,60,0
kitchen_utensils,good,70,25379,487,19,0
kids,poor,21,31083,1569,156,1
kids,acceptable,14,27119,839,0,0
other,like_new,94,5220,373,33,1
other,acceptable,57,7311,442,61,1
kids,acceptable,53,28510,595,23,1
furniture,poor,13,1918,1213,181,1
kids,like_new,69,4459,1894,208,0
clothes,poor,14,18539,1489,268,1
clothes,like_new,13,19800,590,88,0
other,poor,90,17997,1307,248,0
furniture,like_new,59,9726,852,153,0
other,poor,61,28835,883,8,0
kitchen_utensils,like_new,43,4361,211,23,0
kitchen_utensils,like_new,89,13736,389,62,1
clothes,like_new,93,4441,957,66,1
furniture,like_new,52,26440,998,49,1
kids,poor,49,8732,860,25,0
kids,poor,54,6057,1676,284,1
